{
	"summary": {
		"project_name": "testproject"
	},

	"directories": [
		"/examples-testing/"
	],

	"files": [
		{
			"name": "Main.java",
			"dir": "/src/main"
		},

		{
			"name": "Clone2.java",
			"dir": "/src/main/clones"
		},

		{
			"name": "Clone1.java",
			"dir": "/src/main/clones"
		}
	],

	"clone_pairs": [
		{
			"id": "clone_1",

			"clone_type": "type-1",

			"origin": {
				"file": "Clone1.java",
				"start_line": "4",
				"end_line": "12",
				"source_code": "{\n\t\tSystem.out.print(\"1\");\n\t\tSystem.out.print(\"2\");\n\t\tSystem.out.print(\"3\");\n\t\tSystem.out.print(\"4\");\n\t\t//random\n\t\tSystem.out.print(\"5\");\n        System.out.print(\"6\");\n\t}"
			},
	"clones": [

			{
				"file": "Clone1.java",
				"start_line": "13",
				"end_line": "21",
				"source_code": "{\n\t\tSystem.out.print(\"1\");\n\t\tSystem.out.print(\"2\");\n\t\t//random\n\t\tSystem.out.print(\"3\");\n\t\tSystem.out.print(\"4\");\n\t\tSystem.out.print(\"5\");\n        System.out.print(\"6\");\n\t}"
			},

			{
				"file": "Clone1.java",
				"start_line": "23",
				"end_line": "31",
				"source_code": "{\n\t\tSystem.out.print(\"1\");\n\t\tSystem.out.print(\"2\");\n\t\tSystem.out.print(\"3\");\n\t\tSystem.out.print(\"4\");\n\t\tSystem.out.print(\"5\");\n\t\t//random\n        System.out.print(\"6\");\n\t}"
			},

			{
				"file": "Clone1.java",
				"start_line": "33",
				"end_line": "41",
				"source_code": "{\n\t\tSystem.out.print(\"1\");\n\t\tSystem.out.print(\"2\");\n\t\tSystem.out.print(\"3\");\n\t\tSystem.out.print(\"4\");\n\t\t//random2\n\t\tSystem.out.print(\"5\");\n        System.out.print(\"6\");\n\t}"
			}
	]


		},

		{
			"id": "clone_2",

			"clone_type": "type-1",

			"origin": {
				"file": "Clone2.java",
				"start_line": "4",
				"end_line": "8",
				"source_code": "{\n\t\tint x = 1+1;\n//\t\tx = 1+1;\n//\t\tx = 1+2;\n\t}"
			},
	"clones": [

			{
				"file": "Clone2.java",
				"start_line": "9",
				"end_line": "13",
				"source_code": "{\n\t\tint x = 1+1;\n//\t\tx = 1+1;\n//\t\tx = 1+1;\n\t}"
			}
	]


		},

		{
			"id": "clone_3",

			"clone_type": "type-1",

			"origin": {
				"file": "Main.java",
				"start_line": "9",
				"end_line": "9",
				"source_code": "System.out"
			},
	"clones": [

			{
				"file": "Main.java",
				"start_line": "13",
				"end_line": "13",
				"source_code": "System.out"
			},

			{
				"file": "Main.java",
				"start_line": "18",
				"end_line": "18",
				"source_code": "System.out"
			},

			{
				"file": "Main.java",
				"start_line": "20",
				"end_line": "20",
				"source_code": "System.out"
			},

			{
				"file": "Clone1.java",
				"start_line": "5",
				"end_line": "5",
				"source_code": "System.out"
			},

			{
				"file": "Clone1.java",
				"start_line": "6",
				"end_line": "6",
				"source_code": "System.out"
			},

			{
				"file": "Clone1.java",
				"start_line": "7",
				"end_line": "7",
				"source_code": "System.out"
			},

			{
				"file": "Clone1.java",
				"start_line": "8",
				"end_line": "8",
				"source_code": "System.out"
			},

			{
				"file": "Clone1.java",
				"start_line": "10",
				"end_line": "10",
				"source_code": "System.out"
			},

			{
				"file": "Clone1.java",
				"start_line": "11",
				"end_line": "11",
				"source_code": "System.out"
			},

			{
				"file": "Clone1.java",
				"start_line": "14",
				"end_line": "14",
				"source_code": "System.out"
			},

			{
				"file": "Clone1.java",
				"start_line": "15",
				"end_line": "15",
				"source_code": "System.out"
			},

			{
				"file": "Clone1.java",
				"start_line": "17",
				"end_line": "17",
				"source_code": "System.out"
			},

			{
				"file": "Clone1.java",
				"start_line": "18",
				"end_line": "18",
				"source_code": "System.out"
			},

			{
				"file": "Clone1.java",
				"start_line": "19",
				"end_line": "19",
				"source_code": "System.out"
			},

			{
				"file": "Clone1.java",
				"start_line": "20",
				"end_line": "20",
				"source_code": "System.out"
			},

			{
				"file": "Clone1.java",
				"start_line": "24",
				"end_line": "24",
				"source_code": "System.out"
			},

			{
				"file": "Clone1.java",
				"start_line": "25",
				"end_line": "25",
				"source_code": "System.out"
			},

			{
				"file": "Clone1.java",
				"start_line": "26",
				"end_line": "26",
				"source_code": "System.out"
			},

			{
				"file": "Clone1.java",
				"start_line": "27",
				"end_line": "27",
				"source_code": "System.out"
			},

			{
				"file": "Clone1.java",
				"start_line": "28",
				"end_line": "28",
				"source_code": "System.out"
			},

			{
				"file": "Clone1.java",
				"start_line": "30",
				"end_line": "30",
				"source_code": "System.out"
			},

			{
				"file": "Clone1.java",
				"start_line": "34",
				"end_line": "34",
				"source_code": "System.out"
			},

			{
				"file": "Clone1.java",
				"start_line": "35",
				"end_line": "35",
				"source_code": "System.out"
			},

			{
				"file": "Clone1.java",
				"start_line": "36",
				"end_line": "36",
				"source_code": "System.out"
			},

			{
				"file": "Clone1.java",
				"start_line": "37",
				"end_line": "37",
				"source_code": "System.out"
			},

			{
				"file": "Clone1.java",
				"start_line": "39",
				"end_line": "39",
				"source_code": "System.out"
			},

			{
				"file": "Clone1.java",
				"start_line": "40",
				"end_line": "40",
				"source_code": "System.out"
			}
	]


		},

		{
			"id": "clone_4",

			"clone_type": "type-1",

			"origin": {
				"file": "Main.java",
				"start_line": "10",
				"end_line": "10",
				"source_code": "fizzOrBuzz = true;"
			},
	"clones": [

			{
				"file": "Main.java",
				"start_line": "14",
				"end_line": "14",
				"source_code": "fizzOrBuzz = true;"
			}
	]


		}
	]
}